Название;Картинка анонса;Картинка детальная;Раздел первого уровня
421;/images/gallery2011/small/001.jpg;/images/gallery2011/001.jpg;LTM 2011 PHOTOS
422;/images/gallery2011/small/002.jpg;/images/gallery2011/002.jpg;LTM 2011 PHOTOS
423;/images/gallery2011/small/003.jpg;/images/gallery2011/003.jpg;LTM 2011 PHOTOS
424;/images/gallery2011/small/004.jpg;/images/gallery2011/004.jpg;LTM 2011 PHOTOS
425;/images/gallery2011/small/005.jpg;/images/gallery2011/005.jpg;LTM 2011 PHOTOS
426;/images/gallery2011/small/006.jpg;/images/gallery2011/006.jpg;LTM 2011 PHOTOS
427;/images/gallery2011/small/007.jpg;/images/gallery2011/007.jpg;LTM 2011 PHOTOS
428;/images/gallery2011/small/008.jpg;/images/gallery2011/008.jpg;LTM 2011 PHOTOS
429;/images/gallery2011/small/009.jpg;/images/gallery2011/009.jpg;LTM 2011 PHOTOS
430;/images/gallery2011/small/010.jpg;/images/gallery2011/010.jpg;LTM 2011 PHOTOS
431;/images/gallery2011/small/011.jpg;/images/gallery2011/011.jpg;LTM 2011 PHOTOS
432;/images/gallery2011/small/012.jpg;/images/gallery2011/012.jpg;LTM 2011 PHOTOS
433;/images/gallery2011/small/013.jpg;/images/gallery2011/013.jpg;LTM 2011 PHOTOS
434;/images/gallery2011/small/014.jpg;/images/gallery2011/014.jpg;LTM 2011 PHOTOS
435;/images/gallery2011/small/015.jpg;/images/gallery2011/015.jpg;LTM 2011 PHOTOS
436;/images/gallery2011/small/016.jpg;/images/gallery2011/016.jpg;LTM 2011 PHOTOS
437;/images/gallery2011/small/017.jpg;/images/gallery2011/017.jpg;LTM 2011 PHOTOS
438;/images/gallery2011/small/018.jpg;/images/gallery2011/018.jpg;LTM 2011 PHOTOS
439;/images/gallery2011/small/019.jpg;/images/gallery2011/019.jpg;LTM 2011 PHOTOS
440;/images/gallery2011/small/020.jpg;/images/gallery2011/020.jpg;LTM 2011 PHOTOS
441;/images/gallery2011/small/021.jpg;/images/gallery2011/021.jpg;LTM 2011 PHOTOS
442;/images/gallery2011/small/022.jpg;/images/gallery2011/022.jpg;LTM 2011 PHOTOS
443;/images/gallery2011/small/023.jpg;/images/gallery2011/023.jpg;LTM 2011 PHOTOS
444;/images/gallery2011/small/024.jpg;/images/gallery2011/024.jpg;LTM 2011 PHOTOS
445;/images/gallery2011/small/025.jpg;/images/gallery2011/025.jpg;LTM 2011 PHOTOS
446;/images/gallery2011/small/026.jpg;/images/gallery2011/026.jpg;LTM 2011 PHOTOS
447;/images/gallery2011/small/027.jpg;/images/gallery2011/027.jpg;LTM 2011 PHOTOS
448;/images/gallery2011/small/028.jpg;/images/gallery2011/028.jpg;LTM 2011 PHOTOS
449;/images/gallery2011/small/029.jpg;/images/gallery2011/029.jpg;LTM 2011 PHOTOS
450;/images/gallery2011/small/030.jpg;/images/gallery2011/030.jpg;LTM 2011 PHOTOS
451;/images/gallery2011/small/031.jpg;/images/gallery2011/031.jpg;LTM 2011 PHOTOS
452;/images/gallery2011/small/032.jpg;/images/gallery2011/032.jpg;LTM 2011 PHOTOS
453;/images/gallery2011/small/033.jpg;/images/gallery2011/033.jpg;LTM 2011 PHOTOS
454;/images/gallery2011/small/034.jpg;/images/gallery2011/034.jpg;LTM 2011 PHOTOS
455;/images/gallery2011/small/035.jpg;/images/gallery2011/035.jpg;LTM 2011 PHOTOS
456;/images/gallery2011/small/036.jpg;/images/gallery2011/036.jpg;LTM 2011 PHOTOS
457;/images/gallery2011/small/037.jpg;/images/gallery2011/037.jpg;LTM 2011 PHOTOS
458;/images/gallery2011/small/038.jpg;/images/gallery2011/038.jpg;LTM 2011 PHOTOS
459;/images/gallery2011/small/039.jpg;/images/gallery2011/039.jpg;LTM 2011 PHOTOS
460;/images/gallery2011/small/040.jpg;/images/gallery2011/040.jpg;LTM 2011 PHOTOS
461;/images/gallery2011/small/041.jpg;/images/gallery2011/041.jpg;LTM 2011 PHOTOS
462;/images/gallery2011/small/042.jpg;/images/gallery2011/042.jpg;LTM 2011 PHOTOS
463;/images/gallery2011/small/043.jpg;/images/gallery2011/043.jpg;LTM 2011 PHOTOS
464;/images/gallery2011/small/044.jpg;/images/gallery2011/044.jpg;LTM 2011 PHOTOS
465;/images/gallery2011/small/045.jpg;/images/gallery2011/045.jpg;LTM 2011 PHOTOS
466;/images/gallery2011/small/046.jpg;/images/gallery2011/046.jpg;LTM 2011 PHOTOS
467;/images/gallery2011/small/047.jpg;/images/gallery2011/047.jpg;LTM 2011 PHOTOS
468;/images/gallery2011/small/048.jpg;/images/gallery2011/048.jpg;LTM 2011 PHOTOS
469;/images/gallery2011/small/049.jpg;/images/gallery2011/049.jpg;LTM 2011 PHOTOS
470;/images/gallery2011/small/050.jpg;/images/gallery2011/050.jpg;LTM 2011 PHOTOS
471;/images/gallery2011/small/051.jpg;/images/gallery2011/051.jpg;LTM 2011 PHOTOS
472;/images/gallery2011/small/052.jpg;/images/gallery2011/052.jpg;LTM 2011 PHOTOS
473;/images/gallery2011/small/053.jpg;/images/gallery2011/053.jpg;LTM 2011 PHOTOS
474;/images/gallery2011/small/054.jpg;/images/gallery2011/054.jpg;LTM 2011 PHOTOS
475;/images/gallery2011/small/055.jpg;/images/gallery2011/055.jpg;LTM 2011 PHOTOS
476;/images/gallery2011/small/056.jpg;/images/gallery2011/056.jpg;LTM 2011 PHOTOS
477;/images/gallery2011/small/057.jpg;/images/gallery2011/057.jpg;LTM 2011 PHOTOS
478;/images/gallery2011/small/058.jpg;/images/gallery2011/058.jpg;LTM 2011 PHOTOS
479;/images/gallery2011/small/059.jpg;/images/gallery2011/059.jpg;LTM 2011 PHOTOS
480;/images/gallery2011/small/060.jpg;/images/gallery2011/060.jpg;LTM 2011 PHOTOS
481;/images/gallery2011/small/061.jpg;/images/gallery2011/061.jpg;LTM 2011 PHOTOS
482;/images/gallery2011/small/062.jpg;/images/gallery2011/062.jpg;LTM 2011 PHOTOS
483;/images/gallery2011/small/063.jpg;/images/gallery2011/063.jpg;LTM 2011 PHOTOS
484;/images/gallery2011/small/064.jpg;/images/gallery2011/064.jpg;LTM 2011 PHOTOS
485;/images/gallery2011/small/065.jpg;/images/gallery2011/065.jpg;LTM 2011 PHOTOS
486;/images/gallery2011/small/066.jpg;/images/gallery2011/066.jpg;LTM 2011 PHOTOS
487;/images/gallery2011/small/067.jpg;/images/gallery2011/067.jpg;LTM 2011 PHOTOS
488;/images/gallery2011/small/068.jpg;/images/gallery2011/068.jpg;LTM 2011 PHOTOS
489;/images/gallery2011/small/069.jpg;/images/gallery2011/069.jpg;LTM 2011 PHOTOS
490;/images/gallery2011/small/070.jpg;/images/gallery2011/070.jpg;LTM 2011 PHOTOS
491;/images/gallery2011/small/071.jpg;/images/gallery2011/071.jpg;LTM 2011 PHOTOS
492;/images/gallery2011/small/072.jpg;/images/gallery2011/072.jpg;LTM 2011 PHOTOS
493;/images/gallery2011/small/073.jpg;/images/gallery2011/073.jpg;LTM 2011 PHOTOS
494;/images/gallery2011/small/074.jpg;/images/gallery2011/074.jpg;LTM 2011 PHOTOS
495;/images/gallery2011/small/075.jpg;/images/gallery2011/075.jpg;LTM 2011 PHOTOS
496;/images/gallery2011/small/076.jpg;/images/gallery2011/076.jpg;LTM 2011 PHOTOS
497;/images/gallery2011/small/077.jpg;/images/gallery2011/077.jpg;LTM 2011 PHOTOS
498;/images/gallery2011/small/078.jpg;/images/gallery2011/078.jpg;LTM 2011 PHOTOS
499;/images/gallery2011/small/079.jpg;/images/gallery2011/079.jpg;LTM 2011 PHOTOS
500;/images/gallery2011/small/080.jpg;/images/gallery2011/080.jpg;LTM 2011 PHOTOS
501;/images/gallery2011/small/081.jpg;/images/gallery2011/081.jpg;LTM 2011 PHOTOS
502;/images/gallery2011/small/082.jpg;/images/gallery2011/082.jpg;LTM 2011 PHOTOS
503;/images/gallery2011/small/083.jpg;/images/gallery2011/083.jpg;LTM 2011 PHOTOS
504;/images/gallery2011/small/084.jpg;/images/gallery2011/084.jpg;LTM 2011 PHOTOS
505;/images/gallery2011/small/085.jpg;/images/gallery2011/085.jpg;LTM 2011 PHOTOS
506;/images/gallery2011/small/086.jpg;/images/gallery2011/086.jpg;LTM 2011 PHOTOS
507;/images/gallery2011/small/087.jpg;/images/gallery2011/087.jpg;LTM 2011 PHOTOS
508;/images/gallery2011/small/088.jpg;/images/gallery2011/088.jpg;LTM 2011 PHOTOS
509;/images/gallery2011/small/089.jpg;/images/gallery2011/089.jpg;LTM 2011 PHOTOS
510;/images/gallery2011/small/090.jpg;/images/gallery2011/090.jpg;LTM 2011 PHOTOS
511;/images/gallery2011/small/091.jpg;/images/gallery2011/091.jpg;LTM 2011 PHOTOS
512;/images/gallery2011/small/092.jpg;/images/gallery2011/092.jpg;LTM 2011 PHOTOS
513;/images/gallery2011/small/093.jpg;/images/gallery2011/093.jpg;LTM 2011 PHOTOS
514;/images/gallery2011/small/094.jpg;/images/gallery2011/094.jpg;LTM 2011 PHOTOS
515;/images/gallery2011/small/095.jpg;/images/gallery2011/095.jpg;LTM 2011 PHOTOS
516;/images/gallery2011/small/096.jpg;/images/gallery2011/096.jpg;LTM 2011 PHOTOS
517;/images/gallery2011/small/097.jpg;/images/gallery2011/097.jpg;LTM 2011 PHOTOS
518;/images/gallery2011/small/098.jpg;/images/gallery2011/098.jpg;LTM 2011 PHOTOS
519;/images/gallery2011/small/099.jpg;/images/gallery2011/099.jpg;LTM 2011 PHOTOS
520;/images/gallery2011/small/100.jpg;/images/gallery2011/100.jpg;LTM 2011 PHOTOS
521;/images/gallery2011/small/101.jpg;/images/gallery2011/101.jpg;LTM 2011 PHOTOS
522;/images/gallery2011/small/102.jpg;/images/gallery2011/102.jpg;LTM 2011 PHOTOS
523;/images/gallery2011/small/103.jpg;/images/gallery2011/103.jpg;LTM 2011 PHOTOS
524;/images/gallery2011/small/104.jpg;/images/gallery2011/104.jpg;LTM 2011 PHOTOS
525;/images/gallery2011/small/105.jpg;/images/gallery2011/105.jpg;LTM 2011 PHOTOS
526;/images/gallery2011/small/106.jpg;/images/gallery2011/106.jpg;LTM 2011 PHOTOS
527;/images/gallery2011/small/107.jpg;/images/gallery2011/107.jpg;LTM 2011 PHOTOS
528;/images/gallery2011/small/108.jpg;/images/gallery2011/108.jpg;LTM 2011 PHOTOS
529;/images/gallery2011/small/109.jpg;/images/gallery2011/109.jpg;LTM 2011 PHOTOS
530;/images/gallery2011/small/110.jpg;/images/gallery2011/110.jpg;LTM 2011 PHOTOS
531;/images/gallery2011/small/111.jpg;/images/gallery2011/111.jpg;LTM 2011 PHOTOS
532;/images/gallery2011/small/112.jpg;/images/gallery2011/112.jpg;LTM 2011 PHOTOS
533;/images/gallery2011/small/113.jpg;/images/gallery2011/113.jpg;LTM 2011 PHOTOS
534;/images/gallery2011/small/114.jpg;/images/gallery2011/114.jpg;LTM 2011 PHOTOS
535;/images/gallery2011/small/115.jpg;/images/gallery2011/115.jpg;LTM 2011 PHOTOS
536;/images/gallery2011/small/116.jpg;/images/gallery2011/116.jpg;LTM 2011 PHOTOS
537;/images/gallery2011/small/117.jpg;/images/gallery2011/117.jpg;LTM 2011 PHOTOS
538;/images/gallery2011/small/118.jpg;/images/gallery2011/118.jpg;LTM 2011 PHOTOS
539;/images/gallery2011/small/119.jpg;/images/gallery2011/119.jpg;LTM 2011 PHOTOS
540;/images/gallery2011/small/120.jpg;/images/gallery2011/120.jpg;LTM 2011 PHOTOS
541;/images/gallery2011/small/121.jpg;/images/gallery2011/121.jpg;LTM 2011 PHOTOS
542;/images/gallery2011/small/122.jpg;/images/gallery2011/122.jpg;LTM 2011 PHOTOS
543;/images/gallery2011/small/123.jpg;/images/gallery2011/123.jpg;LTM 2011 PHOTOS
544;/images/gallery2011/small/124.jpg;/images/gallery2011/124.jpg;LTM 2011 PHOTOS
545;/images/gallery2011/small/125.jpg;/images/gallery2011/125.jpg;LTM 2011 PHOTOS
546;/images/gallery2011/small/126.jpg;/images/gallery2011/126.jpg;LTM 2011 PHOTOS
547;/images/gallery2011/small/127.jpg;/images/gallery2011/127.jpg;LTM 2011 PHOTOS
548;/images/gallery2011/small/128.jpg;/images/gallery2011/128.jpg;LTM 2011 PHOTOS
549;/images/gallery2011/small/129.jpg;/images/gallery2011/129.jpg;LTM 2011 PHOTOS
550;/images/gallery2011/small/130.jpg;/images/gallery2011/130.jpg;LTM 2011 PHOTOS
551;/images/gallery2011/small/131.jpg;/images/gallery2011/131.jpg;LTM 2011 PHOTOS
552;/images/gallery2011/small/132.jpg;/images/gallery2011/132.jpg;LTM 2011 PHOTOS
553;/images/gallery2011/small/133.jpg;/images/gallery2011/133.jpg;LTM 2011 PHOTOS
554;/images/gallery2011/small/134.jpg;/images/gallery2011/134.jpg;LTM 2011 PHOTOS
555;/images/gallery2011/small/135.jpg;/images/gallery2011/135.jpg;LTM 2011 PHOTOS
556;/images/gallery2011/small/136.jpg;/images/gallery2011/136.jpg;LTM 2011 PHOTOS
557;/images/gallery2011/small/137.jpg;/images/gallery2011/137.jpg;LTM 2011 PHOTOS
558;/images/gallery2011/small/138.jpg;/images/gallery2011/138.jpg;LTM 2011 PHOTOS
559;/images/gallery2011/small/139.jpg;/images/gallery2011/139.jpg;LTM 2011 PHOTOS
560;/images/gallery2011/small/140.jpg;/images/gallery2011/140.jpg;LTM 2011 PHOTOS
561;/images/gallery2011/small/141.jpg;/images/gallery2011/141.jpg;LTM 2011 PHOTOS
562;/images/gallery2011/small/142.jpg;/images/gallery2011/142.jpg;LTM 2011 PHOTOS
563;/images/gallery2011/small/143.jpg;/images/gallery2011/143.jpg;LTM 2011 PHOTOS
564;/images/gallery2011/small/144.jpg;/images/gallery2011/144.jpg;LTM 2011 PHOTOS
565;/images/gallery2011/small/145.jpg;/images/gallery2011/145.jpg;LTM 2011 PHOTOS
566;/images/gallery2011/small/146.jpg;/images/gallery2011/146.jpg;LTM 2011 PHOTOS
567;/images/gallery2011/small/147.jpg;/images/gallery2011/147.jpg;LTM 2011 PHOTOS
568;/images/gallery2011/small/148.jpg;/images/gallery2011/148.jpg;LTM 2011 PHOTOS
569;/images/gallery2011/small/149.jpg;/images/gallery2011/149.jpg;LTM 2011 PHOTOS
570;/images/gallery2011/small/150.jpg;/images/gallery2011/150.jpg;LTM 2011 PHOTOS
571;/images/gallery2011/small/151.jpg;/images/gallery2011/151.jpg;LTM 2011 PHOTOS
572;/images/gallery2011/small/152.jpg;/images/gallery2011/152.jpg;LTM 2011 PHOTOS
573;/images/gallery2011/small/153.jpg;/images/gallery2011/153.jpg;LTM 2011 PHOTOS
574;/images/gallery2011/small/154.jpg;/images/gallery2011/154.jpg;LTM 2011 PHOTOS
575;/images/gallery2011/small/155.jpg;/images/gallery2011/155.jpg;LTM 2011 PHOTOS
576;/images/gallery2011/small/156.jpg;/images/gallery2011/156.jpg;LTM 2011 PHOTOS
577;/images/gallery2011/small/157.jpg;/images/gallery2011/157.jpg;LTM 2011 PHOTOS
578;/images/gallery2011/small/158.jpg;/images/gallery2011/158.jpg;LTM 2011 PHOTOS
579;/images/gallery2011/small/159.jpg;/images/gallery2011/159.jpg;LTM 2011 PHOTOS
580;/images/gallery2011/small/160.jpg;/images/gallery2011/160.jpg;LTM 2011 PHOTOS
581;/images/gallery2011/small/161.jpg;/images/gallery2011/161.jpg;LTM 2011 PHOTOS
582;/images/gallery2011/small/162.jpg;/images/gallery2011/162.jpg;LTM 2011 PHOTOS
583;/images/gallery2011/small/163.jpg;/images/gallery2011/163.jpg;LTM 2011 PHOTOS
584;/images/gallery2011/small/164.jpg;/images/gallery2011/164.jpg;LTM 2011 PHOTOS
585;/images/gallery2011/small/165.jpg;/images/gallery2011/165.jpg;LTM 2011 PHOTOS
586;/images/gallery2011/small/166.jpg;/images/gallery2011/166.jpg;LTM 2011 PHOTOS
587;/images/gallery2011/small/167.jpg;/images/gallery2011/167.jpg;LTM 2011 PHOTOS
588;/images/gallery2011/small/168.jpg;/images/gallery2011/168.jpg;LTM 2011 PHOTOS
589;/images/gallery2011/small/169.jpg;/images/gallery2011/169.jpg;LTM 2011 PHOTOS
590;/images/gallery2011/small/170.jpg;/images/gallery2011/170.jpg;LTM 2011 PHOTOS
591;/images/gallery2011/small/171.jpg;/images/gallery2011/171.jpg;LTM 2011 PHOTOS
592;/images/gallery2011/small/172.jpg;/images/gallery2011/172.jpg;LTM 2011 PHOTOS
593;/images/gallery2011/small/173.jpg;/images/gallery2011/173.jpg;LTM 2011 PHOTOS
594;/images/gallery2011/small/174.jpg;/images/gallery2011/174.jpg;LTM 2011 PHOTOS
595;/images/gallery2011/small/175.jpg;/images/gallery2011/175.jpg;LTM 2011 PHOTOS
596;/images/gallery2011/small/176.jpg;/images/gallery2011/176.jpg;LTM 2011 PHOTOS
